covariate,coef,exp(coef),se(coef),coef lower 95%,coef upper 95%,exp(coef) lower 95%,exp(coef) upper 95%,cmp to,z,p,-log2(p)
fin,-0.3794221657180836,0.6842566819687548,0.19137948069828947,-0.7545190552667094,-0.004325276169457826,0.4702367182275679,0.9956840643658623,0.0,-1.9825645065692503,0.047416095296630274,4.398479327632399
age,-0.05743774002920776,0.9441806732176317,0.02199947036224193,-0.10055590961815827,-0.014319570440257244,0.9043345499999432,0.9857824669838792,0.0,-2.6108692201876433,0.00903124234395515,6.790859825175124
race,0.3138997872674409,1.3687525632396749,0.30799277660836105,-0.2897549623834372,0.9175545369183189,0.7484469427657174,2.5031615099557265,0.0,1.0191790558341278,0.308117967943537,1.6984452790885114
wexp,-0.14979570182124183,0.8608838354603127,0.21222429637584322,-0.5657476793622489,0.2661562757197652,0.5679353544295027,1.3049389730303425,0.0,-0.7058367226528949,0.48028968209628464,1.058023278917517
mar,-0.4337038811852496,0.6481041429038424,0.38186805708539345,-1.1821515199189063,0.314743757548407,0.3066183329670662,1.3699082373337426,0.0,-1.1357427601970504,0.2560642390935506,1.9654223088976912
paro,-0.0848710806345732,0.9186307060555573,0.1957566718758514,-0.46854710724466686,0.29880494597552043,0.6259109895277608,1.3482466168948823,0.0,-0.4335539617694273,0.664612372552468,0.5894149441175145
prio,0.09149708173533616,1.09581357881383,0.028648549895298747,0.03534695573125188,0.14764720773942044,1.0359790853332576,1.159103901336477,0.0,3.193777069685154,0.001404245116920318,9.47598949852113
