{
    "0": 0.18257635831832886,
    "1": 0.10412344336509705,
    "2": 0.08904515951871872,
    "3": 0.0779440775513649,
    "4": 0.053178511559963226,
    "5": 0.05202579125761986,
    "6": 0.05100978910923004,
    "7": 0.05049193650484085,
    "8": 0.06303727626800537,
    "9": 0.06328366696834564,
    "10": 0.07639630138874054,
    "11": 0.06291690468788147,
    "12": 0.05584840476512909,
    "13": 0.07730135321617126,
    "14": 0.06029440835118294,
    "15": 0.07095994800329208,
    "16": 0.07416436821222305,
    "17": 0.0835466980934143,
    "18": 0.10706407576799393,
    "19": 0.14582569897174835,
    "20": 0.08848361670970917,
    "21": 0.08215169608592987,
    "22": 0.11718729138374329,
    "23": 0.10691910237073898,
    "24": 0.07298582792282104,
    "25": 0.07873671501874924,
    "26": 0.08975125849246979,
    "27": 0.07221361249685287,
    "28": 0.05855770409107208,
    "29": 0.07961748540401459,
    "30": 0.08068158477544785,
    "31": 0.06490567326545715,
    "32": 0.08139488846063614,
    "33": 0.1040983647108078,
    "34": 0.09839385747909546,
    "35": 0.09593400359153748,
    "36": 0.07303117215633392,
    "37": 0.056720998138189316,
    "38": 0.04742317646741867,
    "39": 0.04492972046136856,
    "40": 0.0484054870903492,
    "41": 0.06831536442041397,
    "42": 0.08998839557170868,
    "43": 0.1052572950720787,
    "44": 0.13350555300712585,
    "45": 0.13048918545246124,
    "46": 0.08186399936676025,
    "47": 0.0773477852344513,
    "48": 0.08697589486837387,
    "49": 0.07066968083381653,
    "50": 0.05799178034067154,
    "51": 0.06344583630561829,
    "52": 0.060937684029340744,
    "53": 0.06045146659016609,
    "54": 0.06045820191502571,
    "55": 0.052004724740982056,
    "56": 0.057433146983385086,
    "57": 0.055558864027261734,
    "58": 0.060933347791433334,
    "59": 0.08015665411949158,
    "60": 0.10570450127124786,
    "61": 0.17949645221233368,
    "62": 0.21250750124454498,
    "63": 0.21392905712127686,
    "64": 0.15261898934841156,
    "65": 0.08510587364435196,
    "66": 0.06564278900623322,
    "67": 0.06799677014350891,
    "68": 0.06638143211603165,
    "69": 0.0810290202498436,
    "70": 0.07647959142923355,
    "71": 0.08850888162851334,
    "72": 0.08961527794599533,
    "73": 0.13037395477294922,
    "74": 0.23145762085914612,
    "75": 0.3153385519981384,
    "76": 0.3216836452484131,
    "77": 0.42390599846839905,
    "78": 0.39719176292419434,
    "79": 0.2558789849281311,
    "80": 0.18300297856330872,
    "81": 0.12155918031930923,
    "82": 0.08901170641183853,
    "83": 0.07173898071050644,
    "84": 0.06375128775835037,
    "85": 0.06322945654392242,
    "86": 0.05210680887103081,
    "87": 0.046463191509246826,
    "88": 0.048168689012527466,
    "89": 0.053059909492731094,
    "90": 0.05279620736837387,
    "91": 0.07621350139379501,
    "92": 0.09422610700130463,
    "93": 0.06261713802814484,
    "94": 0.07151782512664795,
    "95": 0.0719829574227333,
    "96": 0.08086966723203659,
    "97": 0.07940062880516052,
    "98": 0.07556895911693573,
    "99": 0.07226672768592834,
    "100": 0.07396048307418823,
    "101": 0.07824338972568512,
    "102": 0.07151924073696136,
    "103": 0.0955764651298523,
    "104": 0.1626095175743103,
    "105": 0.29390403628349304
}